{
    "documents": [
        {
            "DocumentId": 7,
            "rut_employee": "23423434-3",
            "emited_at": "2022-06-24T13:28:21-04:00",
            "expires_at": "2022-06-24T13:28:25-04:00",
            "vigency": "Example",
            "emitter": "Minsal",
            "status": "ACTIVE",
            "comment": "Pium",
            "joined_at": "2022-06-24T13:28:39-04:00",
            "rut_employee_company": "8932432-4",
            "is_required": true,
            "file": "http://45.7.231.78:8000/media/media/documents/65290_uQqx1L3.pdf",
            "warning": "Peligro",
            "created_at": "2022-06-24T13:27:52-04:00",
            "updated_at": "2022-06-24T13:28:56.653000-04:00"
        },
        {
            "DocumentId": 6,
            "rut_employee": "13502356-3",
            "emited_at": "2022-06-24T13:27:03-04:00",
            "expires_at": "2022-06-24T13:27:14-04:00",
            "vigency": "Example",
            "emitter": "Minsal",
            "status": "ACTIVE",
            "comment": "hello",
            "joined_at": "2022-06-24T13:27:32-04:00",
            "rut_employee_company": "8323123-2",
            "is_required": false,
            "file": "http://45.7.231.78:8000/media/media/documents/65290_3Qrf7D2.pdf",
            "warning": "Cuidado",
            "created_at": "2022-06-24T13:26:32-04:00",
            "updated_at": "2022-06-24T13:27:48.883000-04:00"
        },
        {
            "DocumentId": 5,
            "rut_employee": "130495929-5",
            "emited_at": "2022-06-22T18:34:12-04:00",
            "expires_at": "2022-06-22T18:34:13-04:00",
            "vigency": "Example",
            "emitter": "CORFO",
            "status": "ACTIVE",
            "comment": "Bladee city\n",
            "joined_at": "2022-06-22T18:34:21-04:00",
            "rut_employee_company": "123456789-K",
            "is_required": true,
            "file": "http://45.7.231.78:8000/media/media/documents/65290_I33S6YG.pdf",
            "warning": "Bien",
            "created_at": "2022-06-22T18:29:33-04:00",
            "updated_at": "2022-06-22T18:35:05.920000-04:00"
        },
        {
            "DocumentId": 4,
            "rut_employee": "343245677-5",
            "emited_at": "2022-06-22T18:28:26-04:00",
            "expires_at": "2022-06-22T18:28:31-04:00",
            "vigency": "Example",
            "emitter": "Minsal",
            "status": "ACTIVE",
            "comment": "Lemon pasta",
            "joined_at": "2022-06-22T18:28:41-04:00",
            "rut_employee_company": "92345682-5",
            "is_required": true,
            "file": "http://45.7.231.78:8000/media/media/documents/65290_7GMSxXt.pdf",
            "warning": "Deshabilitado",
            "created_at": "2022-06-22T18:28:02-04:00",
            "updated_at": "2022-06-22T18:29:27.805000-04:00"
        },
        {
            "DocumentId": 3,
            "rut_employee": "12323949-2",
            "emited_at": "2022-06-22T18:27:32-04:00",
            "expires_at": "2022-06-22T18:27:33-04:00",
            "vigency": "Example",
            "emitter": "Minsal",
            "status": "ACTIVE",
            "comment": "Orange",
            "joined_at": "2022-06-22T18:27:45-04:00",
            "rut_employee_company": "9432451-5",
            "is_required": true,
            "file": "http://45.7.231.78:8000/media/media/documents/65290_T4Wd9GE.pdf",
            "warning": "Peligro",
            "created_at": "2022-06-22T18:25:09-04:00",
            "updated_at": "2022-06-22T18:27:59.511000-04:00"
        },
        {
            "DocumentId": 2,
            "rut_employee": "47293938-5",
            "emited_at": "2022-06-02T18:24:34-04:00",
            "expires_at": "2022-06-22T18:24:36-04:00",
            "vigency": "Example",
            "emitter": "Something",
            "status": "ACTIVE",
            "comment": "Apple\n",
            "joined_at": "2022-06-22T18:24:50-04:00",
            "rut_employee_company": "304932457-2",
            "is_required": true,
            "file": "http://45.7.231.78:8000/media/media/documents/65290_pF5AmEm.pdf",
            "warning": "Cuidado",
            "created_at": "2022-06-22T18:24:20-04:00",
            "updated_at": "2022-06-22T18:25:06.680000-04:00"
        },
        {
            "DocumentId": 1,
            "rut_employee": "938475920-5",
            "emited_at": "2022-06-22T18:19:48-04:00",
            "expires_at": "2022-06-22T18:19:50-04:00",
            "vigency": "Example",
            "emitter": "Sazid Corp",
            "status": "ACTIVE",
            "comment": "Sazid likes mangos",
            "joined_at": "2022-06-22T18:21:46-04:00",
            "rut_employee_company": "93840139-8",
            "is_required": true,
            "file": "http://45.7.231.78:8000/media/media/documents/65290.pdf",
            "warning": "Bien",
            "created_at": "2022-06-22T18:16:35-04:00",
            "updated_at": "2022-06-22T18:23:01.470000-04:00"
        }
    ]
  }